city_id,empirical_cluster,output_decomp_centered_estimated_cluster,output_decomp_centered_profile_corr,output_decomp_no_center_estimated_cluster,output_decomp_no_center_profile_corr,series_index
0,2,0,0.9980175671846337,1,0.9117508789456701,0
0,1,2,0.9967937889309294,1,0.7872505424173848,1
0,1,2,0.9921912136310486,1,0.7067085691990849,2
0,0,1,0.9965893832624978,0,0.8700769131105746,3
0,1,2,0.9961178091670164,1,0.8450963201312418,4
0,1,2,0.9947593097285484,1,0.8014005985354634,5
0,3,3,0.994368367738481,1,0.843458987448974,6
0,0,1,0.9914610737049391,0,0.5680010636193095,7
0,1,2,0.9956653888207373,2,0.8550247487713208,8
0,1,2,0.9948299937688578,3,0.931308040724356,9
0,3,3,0.9877489471857559,1,0.6131617547248243,10
0,1,2,0.99598499843329,1,0.7720417217825355,11
0,1,2,0.9966999779918773,1,0.8758917791561914,12
0,1,2,0.9972566967700055,1,0.8779022742369013,13
0,1,2,0.9968498142855919,3,0.8852369892767367,14
0,1,2,0.9946756395005553,3,0.9273348864376949,15
0,1,2,0.9977044054281718,1,0.849511320206103,16
0,0,2,0.9965713869834487,1,0.8841072036427077,17
0,0,1,0.9941322024918244,1,0.7633268423779997,18
0,3,3,0.9978775357560106,1,0.8489300293936366,19
0,1,2,0.995117598283526,2,0.8516614914405006,20
0,1,2,0.9964179157820525,3,0.8734577233219456,21
0,1,2,0.9982970603432505,1,0.8630974146643022,22
0,0,1,0.9942037664275104,1,0.7206881899199384,23
0,1,2,0.9931291011483873,1,0.7637525769678792,24
0,1,2,0.9907903664427666,1,0.7315244999452295,25
0,2,0,0.9969508941255052,2,0.8825654140497461,26
0,2,0,0.9884150639041238,1,0.8210393020723494,27
0,1,2,0.9943431073148031,3,0.9200325148987545,28
0,1,2,0.9981553656835096,1,0.8507867999990784,29
0,0,1,0.9887415064216504,1,0.6537949677303172,30
0,1,2,0.9916890899025941,1,0.8223612822317851,31
0,3,3,0.994867868866069,1,0.6748839227040131,32
0,1,2,0.9969351502402009,1,0.8663670323258196,33
0,0,1,0.9968593595136616,3,0.9096127934534577,34
0,1,2,0.9985315967220965,1,0.8164446757485545,35
0,0,1,0.9711072624736713,1,0.6299611234228009,36
0,1,2,0.9907038901929734,1,0.7116027168059355,37
0,0,1,0.996187618312768,0,0.7760897068441877,38
0,3,3,0.9943724226565915,1,0.6496932237576631,39
0,1,2,0.9796149940208152,1,0.7176072797015138,40
0,3,3,0.9761267761705974,1,0.6623506258736299,41
0,1,2,0.9975135521130161,1,0.8598317084397756,42
0,3,3,0.9959678545581379,1,0.8238126594153873,43
0,3,3,0.996552428434873,1,0.7688520104264278,44
0,3,3,0.9933188649846656,1,0.6228298143118025,45
0,3,3,0.9929363250591888,1,0.8012809178324952,46
0,0,1,0.9956412237953445,0,0.702835619274797,47
0,1,2,0.9977819269045444,1,0.8380858640640559,48
0,0,1,0.9931428279264028,2,0.7162383881256431,49
0,0,1,0.9974542727524421,3,0.8504174211228028,50
0,0,1,0.9982099320381507,0,0.8315096650440803,51
0,0,1,0.9980686312095435,0,0.8472221704576033,52
0,1,2,0.9931562371485161,1,0.8357779015717045,53
0,2,2,0.994058016392551,0,0.7566552375275362,54
0,0,1,0.9844078043699722,1,0.7778239323481908,55
0,1,2,0.9927058865415797,2,0.8183101414756929,56
0,3,3,0.9955764846813194,1,0.6997041178580987,57
0,1,2,0.9932157047433946,2,0.7021512433807011,58
0,1,2,0.9902439612390704,0,0.7616462279334024,59
0,1,2,0.9939615106545673,3,0.9320079986476372,60
0,1,2,0.9955553023324207,2,0.8436898632090226,61
0,0,1,0.9850362325203333,3,0.5762633941289675,62
0,1,2,0.9908383053779718,1,0.7141814058376662,63
0,1,2,0.9945784919049462,0,0.9049218766971197,64
0,3,3,0.9919836474011932,1,0.7188646522480859,65
0,2,0,0.9970035118167175,1,0.8207872873182889,66
0,1,2,0.9969434344907566,1,0.8277238011748332,67
0,1,2,0.9967294197659747,1,0.8479438661554562,68
0,0,1,0.9971546763694733,1,0.8357580610991724,69
0,2,0,0.9899711568123335,1,0.7884153722338657,70
0,1,2,0.9967312981431398,1,0.824725912224398,71
0,3,3,0.9973824402297579,1,0.8714734294022949,72
0,0,1,0.9783390399596295,1,0.7308605943249767,73
0,2,0,0.992265064141335,2,0.9363496145597965,74
0,1,2,0.9969964839702874,1,0.8412673810996828,75
0,2,0,0.9953389781959795,1,0.7661009472400793,76
0,0,1,0.9909631202580556,0,0.5822396187943978,77
0,0,1,0.9919488231721841,1,0.6140862442400283,78
0,0,1,0.9891022162883373,0,0.6932930347725921,79
0,1,2,0.9949105092813553,0,0.7960238287814525,80
0,0,1,0.9960566202908105,3,0.8504313113870693,81
0,1,2,0.9970900455717999,1,0.8706802336331688,82
0,1,2,0.9934230857004278,1,0.7973381486375959,83
0,0,1,0.9845629002540812,0,0.3925900779171056,84
0,0,1,0.9983813417470545,0,0.6279980225079288,85
0,1,2,0.9950856830451995,1,0.790727269953488,86
0,1,2,0.9930197334408353,1,0.8373139940977792,87
0,3,3,0.9958371428304122,1,0.7349640572553702,88
0,3,3,0.9941892264016269,1,0.8076796780762249,89
0,1,2,0.9936838159425991,3,0.9528432445424464,90
0,0,1,0.9892550653494132,0,0.39121195709622286,91
0,1,2,0.9989225137229363,1,0.9307994852007175,92
0,0,1,0.9933469310949128,0,0.7112918771330681,93
0,1,2,0.9967199038373804,1,0.8827616714615448,94
0,0,1,0.9946152491732638,0,0.7067525789364414,95
0,0,1,0.9961012478108231,0,0.7288369131012541,96
0,1,2,0.9952971720224689,3,0.9328005537587652,97
0,1,2,0.9937351103026687,1,0.7712145001566213,98
0,0,1,0.9953835627260856,1,0.7127282057654901,99
0,1,2,0.9975173985010946,1,0.8894357956524217,100
0,1,2,0.9935479957247249,3,0.9471759900523842,101
0,1,2,0.9973520463468625,1,0.8689180434475536,102
0,2,0,0.9892671874804921,1,0.7720384335474941,103
0,0,1,0.9968450769847864,3,0.8837605341877921,104
0,0,1,0.997855524170175,1,0.8306202330258603,105
0,2,0,0.9938048721530011,0,0.7932266151007809,106
0,0,1,0.9975184465330318,0,0.7512694129098476,107
0,3,3,0.9848578198693232,1,0.5459900567493237,108
0,1,2,0.9972512089678033,0,0.8425195045662723,109
0,0,1,0.9910520377416914,0,0.5373223443745465,110
0,1,2,0.9962271757610944,3,0.9026052323794225,111
0,1,2,0.9973221923871312,1,0.8949525661881225,112
0,1,2,0.9975213115794112,0,0.8442191971270316,113
0,0,1,0.9891940054890557,1,0.6472493159898014,114
0,0,1,0.9951962956497058,0,0.8088361695430158,115
0,1,2,0.9960730507820075,0,0.8259163260354789,116
0,2,0,0.9930303434694221,1,0.8025080645122485,117
0,0,1,0.9954518784480818,2,0.7815871148584799,118
0,1,2,0.9932723743872801,3,0.9515131658501206,119
0,1,2,0.99823442395871,2,0.8173280011374917,120
0,0,1,0.9877645164577142,2,0.7812985813931597,121
0,0,1,0.9907316732387077,2,0.7382554859427755,122
0,2,0,0.9956187635337719,0,0.8300248302065278,123
0,2,0,0.9894113161480942,0,0.7948487164210678,124
0,0,1,0.9980500587481858,0,0.7812104429845503,125
0,0,1,0.9956268045324935,0,0.7956334441135053,126
0,1,2,0.9936574728810228,2,0.8402880586580512,127
0,1,2,0.9950536987945215,0,0.8287302232019688,128
0,1,2,0.9977645161392438,1,0.8952408019698679,129
0,3,3,0.9968269501811353,1,0.846766179974184,130
0,2,0,0.9976745811573402,2,0.931836750056606,131
0,1,2,0.9948035037501475,0,0.8538294264710915,132
0,2,0,0.9967197843863692,0,0.773976818609527,133
0,1,2,0.9962968229548108,1,0.8915901715410974,134
0,0,1,0.995858870121785,3,0.9518685515827744,135
0,0,1,0.9863023413029537,0,0.6450375662918381,136
0,1,2,0.9971685824374782,0,0.8425215542426191,137
0,0,1,0.9956788822453615,0,0.8180620654677856,138
0,0,1,0.9967336671888027,0,0.75688641957894,139
0,3,3,0.9793689061212087,0,0.6583134385817218,140
0,1,2,0.9812564813958635,1,0.8274271160121476,141
0,1,2,0.9941795280042234,0,0.821018858552283,142
0,0,1,0.9965760331227375,0,0.7528865291562172,143
0,0,1,0.9907345059472018,0,0.7320579075170122,144
0,0,1,0.9980340620892777,0,0.7196636735431329,145
0,3,3,0.9976361193216462,1,0.8961989201407234,146
0,3,3,0.9964241504401938,1,0.8185482137134985,147
0,0,1,0.9969035568913117,0,0.7091411436401877,148
0,2,0,0.9975991806668227,0,0.8566324149534577,149
0,0,1,0.9862389623366925,0,0.7281425464504108,150
0,3,3,0.9862358931763747,1,0.7502110983218677,151
0,2,0,0.9915544283163089,0,0.8995512847293192,152
0,1,0,0.9831206327322939,0,0.6729114535683004,153
0,1,2,0.996205992244309,3,0.9116955048891997,154
0,3,3,0.9948189670473093,1,0.8238622373646104,155
0,1,2,0.9984217708442891,2,0.8771695652075502,156
0,3,3,0.9977159465498485,1,0.7948300264121496,157
0,1,2,0.9847297709344123,1,0.8354206775208957,158
0,1,2,0.9967355852273516,2,0.7465036367345672,159
0,0,1,0.9982941043310454,0,0.7601454568174869,160
0,2,0,0.9857199266102834,1,0.7613505937387077,161
0,1,2,0.9913634555277837,0,0.7470062011941594,162
0,0,1,0.9972858710447795,0,0.8094914409827656,163
0,0,1,0.9937324343946299,1,0.7670657167769297,164
0,0,1,0.9990662751065172,0,0.8956774168666124,165
0,2,0,0.9948628486150808,1,0.8247510559481529,166
0,2,3,0.9843869894575357,1,0.8010746130440742,167
0,2,2,0.9965433683832182,0,0.8332040244813348,168
0,1,2,0.9970381638535333,0,0.8305494929454715,169
0,1,2,0.9966345314188229,0,0.7687685104117635,170
0,1,2,0.9962497397337902,0,0.7780402543061132,171
0,2,0,0.9965885816966559,2,0.8256409152925025,172
0,2,0,0.9886855834472719,0,0.8401805563801508,173
0,2,0,0.9974306928620041,0,0.8381184264434065,174
0,3,3,0.9960363500715305,1,0.7317388251509306,175
0,3,3,0.9830240892014587,1,0.6374458646685754,176
0,2,0,0.9789985861743888,1,0.8572006336442836,177
0,0,1,0.9936918668658887,0,0.7895555858443544,178
0,1,2,0.9954453545317608,1,0.8829144349271358,179
0,1,2,0.9946034733747311,3,0.962720841612666,180
0,3,3,0.9894918890935456,0,0.23834989068476092,181
0,3,3,0.991005867562175,1,0.7456313429631746,182
0,2,0,0.9974450192424055,2,0.8751609807798811,183
0,1,2,0.9953136549951564,0,0.7350397488102817,184
0,1,2,0.9967349842146414,0,0.7972277613823331,185
0,0,2,0.9982588997725355,0,0.8854449864179569,186
0,1,2,0.9946107785491576,1,0.7006922623651787,187
0,0,1,0.9887340809524772,0,0.6923777457235077,188
0,3,3,0.9931218191131201,1,0.782829234448756,189
0,1,2,0.9977879412506944,1,0.8713852931137649,190
0,0,2,0.9959747857846064,3,0.8878064967310849,191
0,1,2,0.998101215255255,1,0.8223028965264082,192
0,1,2,0.9961844218557159,1,0.8983252101470853,193
0,0,1,0.9969454612428006,3,0.8822779749888687,194
0,1,2,0.9893243514283026,1,0.7550208297571153,195
0,0,1,0.9967743278080436,0,0.7796746331911844,196
0,3,3,0.9956049179355596,0,0.33630791236404833,197
0,0,1,0.9971380215542657,2,0.7061943226245022,198
0,1,2,0.9927494531482814,1,0.8047252315538301,199
0,3,3,0.9038320395611769,1,0.420550837296247,200
0,3,3,0.9974793049304816,1,0.9006141224811519,201
0,1,2,0.985611832202536,1,0.6910291762186704,202
0,1,2,0.9979749540377132,1,0.8553334206290291,203
0,3,3,0.9930998197384606,1,0.8366713202955764,204
0,0,1,0.9963669602865046,2,0.7267427477015047,205
0,2,0,0.998167795544256,2,0.9263848245470592,206
0,1,2,0.9984956776214752,1,0.8238752074300082,207
0,0,1,0.9949241545941485,1,0.8150231923533788,208
0,0,1,0.9939725097878418,1,0.7888169620956765,209
0,0,1,0.9938295801178563,2,0.5649910893708285,210
0,1,2,0.9975788470484798,3,0.8436728056460315,211
0,1,2,0.9930102447964584,2,0.7819670943831841,212
0,1,2,0.9964012437704757,1,0.8657846267362286,213
0,2,0,0.9893720001641977,2,0.8102880410166455,214
0,0,1,0.9769847169813275,1,0.5336688759459369,215
0,1,2,0.9977594748043679,1,0.826500676265974,216
0,1,2,0.9946029706384026,1,0.8218103231646112,217
0,1,2,0.9945646483400827,3,0.9424577813663333,218
0,1,2,0.9987342668269596,0,0.858170159168307,219
0,2,0,0.9954489849679928,2,0.7414415214635415,220
0,1,2,0.994534369408274,2,0.7514213086720505,221
0,1,2,0.9971029023206881,3,0.9209688418444715,222
0,1,2,0.9916485206398714,1,0.8177625900961638,223
0,1,2,0.9982502082765727,1,0.8633840808139496,224
0,0,1,0.9969862884588973,3,0.8575247343411969,225
0,0,1,0.9938388793702845,1,0.7431317617780144,226
0,1,2,0.99520978547209,1,0.8975746884001057,227
0,0,1,0.9900945187683081,1,0.7139300555514236,228
0,1,2,0.9955872064914664,2,0.7944253336901952,229
0,1,2,0.9954446151332217,1,0.7407708122724559,230
0,2,0,0.9884772466417439,1,0.7140626425545,231
0,0,1,0.9942648782086608,1,0.8089214556615058,232
0,1,2,0.9920526579114857,1,0.7483411711399114,233
0,0,1,0.9964325035367758,2,0.8650098995342237,234
0,1,2,0.9961182445278888,1,0.8475291293632325,235
0,2,0,0.9916740312951616,1,0.790330021678507,236
0,0,1,0.9976327186742593,0,0.6334441593957982,237
0,1,2,0.9980391911367374,2,0.8794497635821205,238
0,3,3,0.9957466621643956,1,0.7373993970995865,239
0,1,1,0.987710173745672,1,0.7539495118876469,240
0,1,2,0.9970661227448534,3,0.9096939723395944,241
0,1,2,0.9951348237714464,2,0.696452060582601,242
0,2,0,0.9826073127896328,1,0.7504107573244652,243
0,1,2,0.9974820188261331,2,0.8530057878328398,244
0,1,2,0.998424100725873,1,0.8646124174627666,245
0,0,1,0.9855643928451177,0,0.6863257238740474,246
0,2,0,0.9928611823200144,2,0.8276633755478993,247
0,1,0,0.9982292359212978,1,0.8276474269784915,248
0,2,0,0.9961056666816122,1,0.7745916639598562,249
0,2,0,0.9983092357519255,1,0.9114225675922217,250
0,0,1,0.9976040434870944,3,0.9363009030719018,251
0,2,0,0.9864793459217638,1,0.7877711443893174,252
0,0,0,0.9918443234720222,1,0.7580418513683442,253
0,1,2,0.9954378011011251,2,0.8836955987632109,254
0,0,1,0.9974566019360591,0,0.7430958897937014,255
0,1,2,0.9829495697029328,1,0.6039358252720954,256
0,1,2,0.9933576070962451,1,0.8802124424472688,257
0,0,1,0.9910170458851318,0,0.784390632954483,258
0,0,2,0.9924064762422183,1,0.652435049371046,259
0,1,2,0.9988992172801426,2,0.8927211866211638,260
0,3,3,0.993267692411599,1,0.7702992649776647,261
0,1,2,0.9909413914213003,2,0.7878074794769385,262
0,2,0,0.9987538793983419,2,0.7671624352141716,263
0,2,0,0.9965636935277247,2,0.7857261497852412,264
0,2,0,0.973342386300808,1,0.6987461343295482,265
0,1,2,0.9978167352798376,1,0.8002679808985773,266
0,0,1,0.9971229604781079,1,0.7427900833878904,267
0,0,1,0.9972765572291405,3,0.9034550374894348,268
0,0,1,0.9975779048157133,0,0.8539947557349798,269
0,1,2,0.9980524791785483,2,0.8636949207404193,270
0,2,0,0.9924074668155323,1,0.8141109983575846,271
0,2,0,0.991874109048779,0,0.6756992317011408,272
0,1,2,0.9975223794876305,2,0.8093940398346745,273
0,3,3,0.994279852850177,1,0.7182354190519997,274
0,1,3,0.982924704884895,1,0.8591950691850324,275
0,0,1,0.9954141218633629,1,0.7884902987508031,276
0,0,1,0.9949765600610839,0,0.6804734368790717,277
0,1,2,0.9924594879917822,1,0.8568034011615934,278
0,2,0,0.9955583863072341,3,0.9583478769871634,279
0,0,1,0.9953647668251917,1,0.7136313070134834,280
0,3,3,0.992346323308059,1,0.8438281164585076,281
0,0,1,0.9909014051439117,1,0.7616199891874708,282
0,1,2,0.9930937477825621,1,0.8938878747769654,283
0,1,2,0.9979091987807192,2,0.8965512259431435,284
0,3,3,0.9969173695384089,1,0.8858138973835212,285
0,3,3,0.9945482740935043,1,0.8966204927183866,286
0,1,2,0.9923942334191528,1,0.7807316581861539,287
0,3,3,0.9684720248623983,1,0.7693791616957883,288
0,3,3,0.9967566855963648,1,0.8465515033788085,289
0,0,1,0.986841467533898,1,0.6657787002028261,290
10,1,2,0.9882849504973699,3,0.8388896543772437,291
10,0,1,0.8878591180190567,2,0.710486156101098,292
10,0,1,0.9388707004185977,2,0.7198752511917677,293
10,0,1,0.973508812952232,2,0.7380842870108518,294
10,1,2,0.9238717534382319,2,0.7730567581156502,295
10,1,2,0.9716083630582546,2,0.6671343196304739,296
10,0,1,0.9974769670447827,3,0.8785069767876588,297
10,1,1,0.9263876036097334,0,0.7541512793749365,298
10,0,1,0.983772389754295,0,0.7437793413321775,299
10,0,1,0.9680109909056113,0,0.6966229770623802,300
10,1,2,0.977632072884757,2,0.7624760878590873,301
10,0,1,0.9245835406474903,0,0.6658843741334872,302
10,0,1,0.9525088396061769,2,0.7892287317778296,303
10,1,2,0.9932530348351739,2,0.8919343577495118,304
10,1,1,0.9773217691649251,2,0.7614350720594807,305
10,0,1,0.9947247755671949,3,0.7910932443876122,306
10,0,1,0.9893356679921577,3,0.6820106129599991,307
10,0,1,0.9711029671787539,2,0.6721306817496345,308
10,1,2,0.9902945218129272,0,0.8489509665872252,309
10,0,1,0.947251022235079,2,0.7658505234705026,310
10,0,1,0.9442283562722749,2,0.6704540323452747,311
10,1,2,0.9541656948218676,2,0.7837006845215619,312
10,0,1,0.9669405835673992,0,0.5719693214461221,313
10,0,1,0.9856907298224149,0,0.8404074741984924,314
10,0,1,0.9790551349035717,0,0.7510063170515775,315
10,0,1,0.9828766590023548,0,0.6268962437208032,316
10,1,1,0.8701491531845144,2,0.74124434457069,317
10,0,1,0.9576073863818167,2,0.5467814989694407,318
10,0,1,0.9682851917398287,2,0.7673711452228831,319
10,1,1,0.9632076013175885,2,0.6615725007534017,320
10,0,1,0.981072156863908,0,0.7432483834230601,321
10,0,1,0.8893015247843568,2,0.5271208169722403,322
10,0,1,0.955075115525631,0,0.6473403415809288,323
10,0,1,0.9328601452611859,0,0.5899226139723339,324
10,0,1,0.9580713173330022,2,0.5625892031559915,325
10,0,1,0.9248586540489735,2,0.5731243455999571,326
10,1,2,0.9836847493332599,0,0.8365408822004242,327
10,1,2,0.9867271546301863,2,0.7205014105506522,328
10,0,1,0.9961528185586235,3,0.7831901019349772,329
10,2,0,0.9899245185242772,0,0.8097147388967547,330
10,0,1,0.9352443991359697,2,0.5598142347019115,331
10,2,1,0.9623171761606937,0,0.7511139126793452,332
10,1,2,0.9784435264136874,2,0.7616084440912719,333
10,1,1,0.9524015778919159,0,0.7642499908999312,334
10,0,1,0.9813908851471932,0,0.6822234190308664,335
10,1,1,0.9587817179866028,2,0.6752901891786212,336
10,1,1,0.8610343251130865,0,0.7726255801522871,337
10,0,1,0.955231615565488,2,0.5729860044919821,338
10,0,1,0.9381649178406707,2,0.6429060147741454,339
10,0,1,0.9158225434473795,2,0.6110331306331711,340
10,1,1,0.9793559111499647,0,0.7421863730574023,341
10,0,1,0.965274884638591,2,0.7226777704672424,342
10,3,3,0.9528540444201477,2,0.6331627835678594,343
10,3,3,0.9886745486571347,2,0.6805072138150953,344
10,0,1,0.9806981535200712,0,0.6340962797449292,345
10,1,1,0.9387162271693545,2,0.6879730911127615,346
10,1,1,0.9305212536335916,0,0.7153456174948141,347
10,1,2,0.9914750667746135,3,0.8821926161473901,348
10,1,1,0.928884990382592,2,0.7318919005863473,349
10,0,1,0.8491129425767161,2,0.7123814439492027,350
10,0,1,0.9708280195115742,2,0.6574037632194745,351
10,0,1,0.8470521000149406,2,0.4993553998102779,352
10,0,1,0.9994831259804112,3,0.8016699041263131,353
10,0,1,0.9948185681082011,0,0.6721773806013902,354
10,1,2,0.9963345907442506,3,0.7293792892745168,355
10,3,1,0.897751290175324,2,0.7440968755254277,356
10,1,2,0.9637326118933092,0,0.837229328624596,357
10,0,1,0.9611224001117638,0,0.6335756648546802,358
10,0,1,0.9454860079686888,0,0.7486960275537189,359
10,1,1,0.9751522774798391,0,0.6493408964088427,360
10,1,1,0.9248352468835092,2,0.7844545604262207,361
10,1,1,0.8660216020128403,2,0.7332270669358208,362
10,0,1,0.9758553578687588,2,0.6380540447454667,363
10,0,1,0.9560014387432914,0,0.5528030090835825,364
10,0,1,0.9550845856169545,2,0.7277601264906202,365
10,1,2,0.9983567808425875,3,0.9102481115636093,366
10,0,1,0.97092117873557,2,0.7115944312647808,367
10,2,1,0.7998597215038004,2,0.7217586433062194,368
10,0,1,0.9704264583365274,2,0.5115700811379231,369
10,0,1,0.9203315852164236,2,0.718716852817223,370
10,0,1,0.9121003708784277,2,0.6981076812263927,371
10,3,1,0.8899297988111625,2,0.567659602616172,372
10,0,1,0.9908838298517404,0,0.7822394679088199,373
10,0,1,0.9687823778526661,0,0.7907778129192962,374
10,0,1,0.953602198657854,2,0.7325060116494793,375
10,1,2,0.968738935232552,0,0.8024692980980355,376
10,0,1,0.9875952956587583,2,0.7875095584160297,377
10,1,1,0.9356472709956775,2,0.8078203251524442,378
10,0,1,0.9298346613654977,2,0.819129840516559,379
10,0,1,0.9536815587725995,2,0.6714522174257479,380
10,3,2,0.997049103126681,3,0.9345943724412811,381
10,1,2,0.9839066358216815,2,0.828110805362887,382
10,0,1,0.9319966753930339,2,0.740340938387988,383
10,2,1,0.930428589225064,2,0.6649908511898641,384
10,3,1,0.90875828436221,2,0.6138112033492811,385
10,0,1,0.9966742860544697,3,0.9012393570518258,386
10,0,1,0.948815416290947,0,0.7250532932214135,387
10,3,2,0.9482073471802039,2,0.7489725868281147,388
10,2,1,0.8917573572609545,2,0.7845473769228777,389
10,2,2,0.9476351452144782,2,0.7684893447689343,390
10,0,1,0.9758546299691435,2,0.6938520312094018,391
10,1,1,0.9633993877364073,2,0.6148813199991705,392
10,1,2,0.9758165379688791,1,0.8408691758569657,393
10,0,1,0.9336262670169305,0,0.6343677147469959,394
10,1,2,0.9989360543518835,3,0.9807312225218243,395
10,1,2,0.9725295988888684,2,0.8537751975723709,396
10,2,0,0.983767186533238,2,0.8223640618716049,397
10,2,0,0.9908142412351636,2,0.8324760226293431,398
10,1,1,0.9326404515641769,2,0.7529099834240098,399
10,2,1,0.97682455524179,0,0.6290312275044678,400
10,1,2,0.9961483160617803,3,0.841986754291058,401
10,2,1,0.9399905217150133,2,0.7194302744011692,402
10,2,0,0.9352972845788143,2,0.6679262774862833,403
10,3,0,0.876688031246052,0,0.7276606755820128,404
10,2,1,0.963530461821446,2,0.7124520834131047,405
10,3,3,0.9825501707611733,2,0.6207808338878551,406
10,0,1,0.8509300564222011,0,0.7286917367643222,407
10,2,1,0.9706391309933506,2,0.7555439740461383,408
10,0,1,0.9972255253885529,3,0.8589375634329777,409
10,0,1,0.9611349520499035,0,0.626932508105754,410
10,1,2,0.9604533627036091,2,0.7801382459300807,411
10,0,1,0.9382947391270472,0,0.762545336682904,412
10,0,1,0.9479759294735934,0,0.7453851375922744,413
10,1,2,0.9508865584848584,2,0.7869896792431439,414
10,0,1,0.9278715040120508,2,0.6797010144473062,415
10,1,2,0.997489459418805,3,0.9173275856739352,416
10,2,0,0.9746020374857844,0,0.7608458941919714,417
10,0,1,0.9305648193576144,0,0.6763628437271599,418
10,1,2,0.9612567262424515,2,0.720527823190283,419
10,0,1,0.9736945622331645,2,0.8227140136604598,420
10,3,3,0.9934868099977363,1,0.9044419745708246,421
5,2,0,0.998221409617842,2,0.9144579265860945,422
5,2,1,0.980259100214756,2,0.8189606254472751,423
5,2,0,0.9944467560990022,0,0.8281298049221832,424
5,3,3,0.9901422823536647,2,0.8038251397236297,425
5,1,2,0.9906088543639994,2,0.9018182132638582,426
5,2,0,0.9890850332420773,1,0.7475498278425521,427
5,2,0,0.966189409012617,1,0.6356493875998749,428
5,2,2,0.9941408755545456,2,0.9019728347566787,429
5,2,0,0.9943644979869987,2,0.9466260691446864,430
5,2,0,0.9966278316526412,2,0.9472537779393173,431
5,0,1,0.9613504288063038,0,0.1834596864084211,432
5,2,0,0.9987739293619031,3,0.9919719027456718,433
5,2,0,0.9936856006561376,1,0.8267517089633724,434
5,2,0,0.993704457906662,2,0.8787822389368196,435
5,3,3,0.9869628947951099,1,0.8723951278531407,436
5,2,0,0.9807020414523631,1,0.8577987415189607,437
5,0,1,0.9906609658332229,0,0.8141223922242969,438
5,0,1,0.9861492500871701,1,0.7114443737550102,439
5,2,0,0.9882871623193036,2,0.7191352353983862,440
5,3,3,0.9916169370046408,1,0.7250370392954235,441
5,2,0,0.9849368840469344,1,0.796455616116774,442
5,3,3,0.9895251129776851,1,0.745254206377683,443
5,2,0,0.992180265081921,2,0.8655969638768535,444
5,2,0,0.9981327549022465,0,0.9199194993021138,445
5,2,0,0.99609148903172,0,0.8346267722036933,446
5,2,0,0.9900740755119417,1,0.6806588443173134,447
5,2,0,0.9949721586462383,2,0.7910286382863229,448
5,2,0,0.9940452192546769,1,0.6798784037099173,449
5,1,2,0.9926381499229968,2,0.7554459728424174,450
5,2,0,0.991381778772972,2,0.840245024734401,451
5,0,1,0.9793206583771086,1,0.7378990094457076,452
5,2,0,0.9926877508417484,2,0.8238766331911809,453
5,2,0,0.994294974593146,1,0.7939106803962999,454
5,3,3,0.9922700298391391,1,0.6602164216131157,455
5,2,0,0.9952013355745055,2,0.8722371164662925,456
5,3,3,0.9928902635897183,1,0.5808563202771674,457
5,3,0,0.9944735386021681,1,0.7637927875899935,458
5,3,3,0.9954870547836943,1,0.9011097541170752,459
5,3,3,0.9925809160478005,1,0.7791282754567438,460
5,2,0,0.9930328955566277,2,0.9063215681276093,461
5,1,2,0.9912015069034511,1,0.8573917849399941,462
5,0,1,0.9907160569884227,0,0.7641883242125229,463
5,2,0,0.9960227455195008,0,0.8928169608506467,464
5,0,2,0.9747236475995605,1,0.8351630765394872,465
5,2,0,0.9935386435282427,1,0.8293111265286823,466
5,2,3,0.9802182994027469,0,0.8119776987566398,467
5,0,1,0.9869659070287681,1,0.7515191474208773,468
5,2,0,0.9910471836242487,2,0.9183778921405858,469
5,2,0,0.9701594038967184,0,0.7799573877149375,470
5,2,0,0.9840779885043304,1,0.8433592214488743,471
5,0,1,0.9943096742864965,3,0.9092027696707882,472
5,0,0,0.9810465514280401,1,0.8229140440659992,473
5,2,0,0.9622537167910429,1,0.7431541644267169,474
5,2,0,0.9903732655072528,3,0.941415748918389,475
5,2,0,0.9584260445429069,1,0.7898394237820099,476
5,2,0,0.9973820435939225,0,0.8614130488309719,477
5,3,3,0.9866207214885259,1,0.7225911390133005,478
5,2,0,0.9850653284767211,2,0.8112916013018368,479
5,1,2,0.9623960265535288,1,0.8176960850476911,480
5,2,0,0.9870419164688524,0,0.7654575617979632,481
5,0,3,0.9743783166973777,1,0.8083000459169352,482
5,2,0,0.9838694045294256,0,0.8170186255618919,483
5,0,2,0.9620544457986985,1,0.7624225347992761,484
5,2,0,0.9816717097633895,1,0.8027476896372001,485
5,2,0,0.9885995022465339,0,0.8526053463324256,486
5,2,0,0.9527216205475237,1,0.7298945943659103,487
5,2,0,0.9668017330188665,1,0.7405513472227796,488
5,1,2,0.9527278600120019,1,0.5317830087213381,489
5,0,1,0.991242164082578,3,0.8849391774854367,490
5,0,1,0.9951917039528473,0,0.8023102316948332,491
5,2,0,0.9933084144072765,0,0.8952726727268723,492
5,0,0,0.9957590870867373,0,0.8452278438854508,493
5,0,2,0.9851550323688423,1,0.8440962842000554,494
5,2,0,0.9820086379879175,1,0.730632006786074,495
5,2,0,0.9917717695811713,0,0.8718198420722901,496
5,1,0,0.9772239296821547,1,0.8220127874591991,497
5,2,0,0.9662242860547826,1,0.8360094960507305,498
5,1,3,0.9591557737211336,1,0.8682677438667478,499
5,2,0,0.9677206368585832,0,0.8018902465540627,500
5,2,0,0.973169304186561,1,0.8390550916649259,501
5,2,0,0.9808173146611656,0,0.7267350142041811,502
5,0,1,0.9916181445195302,1,0.7595236423657723,503
5,2,0,0.9698174181574548,1,0.80501055001322,504
5,2,0,0.9851241129495478,0,0.8502357126579071,505
5,1,0,0.9828640642413413,2,0.7299295124517674,506
5,2,0,0.9880253197405471,0,0.83402727710001,507
5,2,0,0.9668682084297612,1,0.7822515639670578,508
5,0,1,0.9965804793992634,0,0.8710301669778665,509
5,2,0,0.9539609144051904,1,0.8569256530010665,510
5,2,0,0.967791156317465,1,0.8121994289222233,511
5,2,0,0.9897880057476193,1,0.9092444167544009,512
5,3,3,0.9568579837427766,1,0.7354085302083331,513
5,0,0,0.9750225502237451,1,0.7700136220958855,514
5,1,0,0.9851235956326125,1,0.8700055822851891,515
5,0,1,0.9907571425364958,1,0.7667856634544827,516
5,3,3,0.9894376098172744,1,0.8852656659163615,517
5,1,2,0.994568616546358,1,0.9182827611406089,518
5,1,3,0.9675776448174022,1,0.725772211581013,519
5,2,0,0.9934147469792814,1,0.8457905571036934,520
5,2,2,0.9941247313028087,2,0.8303636195483531,521
5,0,2,0.9792072877006657,1,0.8336047306227035,522
5,3,3,0.8570921587632868,1,0.8016104803159286,523
5,3,3,0.9963390211764124,1,0.7467877509751533,524
5,1,0,0.9795910980218642,1,0.7980150112372975,525
5,1,2,0.9879089663376212,1,0.8332936808933609,526
5,2,0,0.9620542946185633,1,0.8349803777585854,527
5,0,0,0.9459449579077195,0,0.7171673223055914,528
5,1,3,0.9711964660789528,1,0.7569254958138781,529
5,2,0,0.9916798739886655,3,0.886647363034675,530
5,3,3,0.9785080251357863,1,0.7330362070207299,531
5,1,2,0.9959970555579531,3,0.950353386419182,532
5,3,3,0.9325111521269068,1,0.5955269315207535,533
5,1,3,0.8694648552347014,1,0.6411255952165265,534
5,2,0,0.9748135529750759,1,0.7644495750127588,535
5,2,0,0.9793352337928793,0,0.7910255190080548,536
5,1,3,0.9058099520682635,1,0.9029091262132952,537
5,2,0,0.9923062107764075,0,0.8438533754751134,538
5,1,0,0.988151452108952,1,0.763493348272842,539
5,0,3,0.9646034621415704,1,0.6464629715497667,540
5,3,3,0.9809262494508226,1,0.6972613236708621,541
5,2,3,0.9700202023022622,1,0.7864649816952414,542
5,2,0,0.9755389362995295,1,0.8330296096734793,543
5,0,1,0.9940088815567916,0,0.7703492554813218,544
5,2,0,0.9624692798483361,1,0.7347386593461792,545
5,2,0,0.9652932919417198,0,0.832534942276963,546
5,2,0,0.9891797852974544,1,0.7765036496384592,547
5,2,0,0.972750653156705,1,0.8257163944885707,548
5,2,0,0.9434626652176898,1,0.5952888020113548,549
5,0,1,0.98437872058953,1,0.7543685982118322,550
5,2,0,0.9791299251214713,0,0.8151462328556116,551
5,2,0,0.9847496086521669,0,0.7960615655209649,552
5,2,0,0.9727167873940852,1,0.8285123821075141,553
5,3,3,0.994099665391819,1,0.9223598459678044,554
5,3,3,0.9880185894510801,1,0.892017519746643,555
0,0,1,0.9973069329711525,1,0.7566942334196558,556
0,0,1,0.9961730983531261,3,0.7712950441750639,557
0,1,2,0.9934069733888715,1,0.7388899494930796,558
0,0,1,0.9934961642966003,1,0.7068294315846271,559
0,0,1,0.9850437755775812,1,0.7021621673058173,560
0,1,2,0.9829505253603714,2,0.7766017014916455,561
0,1,0,0.9947119117060008,1,0.7912325811104494,562
0,1,2,0.9951756903456228,3,0.8934456150469587,563
0,1,2,0.9937552150810335,2,0.7362580220756132,564
0,0,1,0.9745476637499275,0,0.3140469203532684,565
0,1,2,0.9893185674097488,1,0.7051100793902101,566
0,1,2,0.9958895673642334,1,0.8569551067500834,567
0,1,2,0.9906981685008474,1,0.7238934324284789,568
0,0,1,0.9928098963865177,0,0.6778918086811082,569
0,0,1,0.9971766224994844,3,0.8883762563077084,570
0,3,3,0.9870948705633867,1,0.6557880850887393,571
0,2,0,0.9901129753372019,1,0.7966099734193244,572
0,0,1,0.994889114175666,1,0.7403501938190727,573
0,0,1,0.9953564757877869,1,0.803987201292184,574
0,0,1,0.9983243459960083,1,0.8410577567805783,575
0,0,1,0.9903245985509594,1,0.7288339947059819,576
0,1,2,0.9931590305002211,2,0.7328800827510105,577
0,3,3,0.9884421247916727,1,0.7976885538761205,578
0,0,2,0.9972396901000227,3,0.8071290630946418,579
0,0,1,0.9879606816176478,1,0.5749126168188159,580
0,1,2,0.9974178579599575,1,0.8455803631075307,581
0,0,1,0.9912715552324249,1,0.6352560270439866,582
0,1,2,0.9970523283605772,1,0.876339509842782,583
0,1,2,0.9967350571386846,1,0.756750254030444,584
0,0,1,0.9907972573840835,0,0.622970403339403,585
0,1,3,0.9905753816936027,1,0.7554364449342688,586
0,3,3,0.9881722190242376,1,0.7852163964829701,587
0,1,2,0.996729886481998,1,0.9066495277382132,588
0,0,1,0.99716333991859,3,0.9150405843884373,589
0,0,1,0.9772280472084462,1,0.48534594244774354,590
0,0,2,0.9949238598493606,1,0.7253509291233095,591
0,1,2,0.9950582961997203,1,0.7993011287322275,592
0,3,3,0.9896549965411053,1,0.6248759860436752,593
0,0,1,0.9915342777956457,1,0.7068310431615094,594
0,2,0,0.9960926108426886,0,0.8137664213017959,595
0,3,3,0.9739011596082908,1,0.6192754810071588,596
0,0,2,0.9994378918242626,2,0.8372899104437268,597
0,2,0,0.9926378683760186,2,0.7819973686842406,598
0,0,1,0.9973531463944758,0,0.8003806036612255,599
0,3,3,0.992455460397352,1,0.6737705406237324,600
0,0,1,0.9965399457871764,0,0.7146671733289891,601
0,0,2,0.9973904377254424,0,0.8220443281696013,602
0,0,1,0.9976124650222665,0,0.7877298913481121,603
0,0,1,0.997674803418277,0,0.809118790075783,604
0,2,0,0.9925577428406266,1,0.7071921988243215,605
0,0,2,0.9944147041537226,1,0.832306677819745,606
0,0,1,0.9905766265839584,1,0.6878938233413978,607
0,1,2,0.9942297891962666,1,0.9122547367434586,608
0,3,3,0.9947346202634277,1,0.6222644599003193,609
0,0,1,0.9861389758211396,1,0.7218251049679965,610
0,1,2,0.9971229314304537,1,0.8668457190264932,611
0,0,1,0.9883785649570435,1,0.7080491241014898,612
0,0,1,0.9963910956048111,1,0.7947958553222968,613
0,2,0,0.9928711889142376,1,0.7495201889080547,614
0,1,2,0.9829032213105944,1,0.8040305553492205,615
0,2,0,0.9924974173721395,1,0.6898977054237609,616
0,1,2,0.9973502060787554,1,0.9405200404665899,617
0,2,0,0.9950039952712211,1,0.7917633360671645,618
0,0,1,0.9941900481907613,1,0.7066576309869143,619
0,1,2,0.9879107036517912,1,0.7128944116500229,620
0,0,1,0.996332599845981,1,0.6530439064744591,621
0,1,2,0.9907289981619959,1,0.8004587593637499,622
0,0,1,0.9966422914219583,0,0.7816781805850671,623
0,0,1,0.9961589785990768,1,0.7241510239922697,624
0,3,3,0.9986002313768263,1,0.9398630640987812,625
15,2,0,0.9935754017050307,3,0.9436879954992841,626
15,2,0,0.9956993266558809,2,0.7531712659703187,627
15,2,0,0.9838834117816513,0,0.7132968228153036,628
15,0,1,0.995373836974418,0,0.8079534290274536,629
15,2,0,0.9972996558628651,2,0.8980127762298631,630
15,2,0,0.9951965507008438,3,0.8476369649853417,631
15,2,0,0.9887119432607311,1,0.8123023304640163,632
15,2,0,0.9681753623202343,1,0.8247617649542253,633
15,0,1,0.9766294204258377,1,0.6822701942307723,634
15,2,0,0.98794542314761,0,0.7309192694384197,635
15,1,2,0.9827995233556999,1,0.7615518301975912,636
15,2,0,0.9888218947875187,0,0.7372733876529909,637
15,2,0,0.9948170412310066,2,0.891196757697089,638
15,2,0,0.9957748966662407,0,0.8177269316027324,639
15,2,0,0.9914574110396299,1,0.8026284601441745,640
15,2,0,0.9761916897627443,1,0.779214362659973,641
15,0,2,0.9872346273778407,2,0.7982353573311733,642
15,2,0,0.9953895215566531,0,0.8375787534976328,643
15,2,0,0.981224681432339,1,0.8303865513715459,644
15,2,2,0.9946327056802894,2,0.9506764781500456,645
15,2,0,0.98815750153575,0,0.48571208106697145,646
15,0,0,0.983473525755125,0,0.4360513598156781,647
15,2,0,0.9938457178823448,0,0.4489681945646342,648
15,2,0,0.9921901539791615,0,0.8341889375714099,649
15,2,0,0.9907823205333364,0,0.7286731437850473,650
15,2,0,0.9893759707106256,1,0.8125273817320322,651
15,2,0,0.9921246392262602,0,0.8573200001643445,652
15,2,0,0.987050152410617,1,0.6643859008810872,653
15,2,0,0.983213765034548,0,0.41085962542033094,654
15,2,0,0.994112519332798,1,0.8117271050866788,655
15,1,0,0.9951892113764094,2,0.6757705395781122,656
15,3,3,0.982426245144576,1,0.6668709203146228,657
15,3,3,0.9861359439042758,1,0.8452861710305457,658
15,2,0,0.9974464580330673,3,0.8329163877953172,659
15,3,3,0.9860619388194207,1,0.8032088072685482,660
15,2,0,0.9852356600032135,1,0.7683776114710972,661
15,2,0,0.9895670107520221,1,0.898743402745888,662
15,2,0,0.9954316388953018,1,0.7666564834667438,663
15,2,0,0.9655757923785304,1,0.8270749572353218,664
15,0,1,0.9791448025668604,2,0.6628347960289471,665
15,0,1,0.9939845794128078,2,0.7592704982912168,666
15,0,1,0.9943576482543337,3,0.80686967844913,667
15,0,1,0.9948773065588756,3,0.7841708871472092,668
15,2,0,0.989232124234104,1,0.6675887560176093,669
15,1,2,0.955977467355594,1,0.8262068932939293,670
15,2,0,0.9942306141058067,1,0.8450884112866321,671
15,2,0,0.988578710848667,1,0.7382526338727535,672
15,2,0,0.9966691038429396,2,0.8372398085767769,673
15,0,2,0.9921265526325653,1,0.7811105743779876,674
15,0,1,0.9936099910658894,0,0.7484413179009982,675
15,0,0,0.9946025255806805,0,0.7761860748871688,676
15,2,0,0.995737156428192,0,0.8153949560162395,677
15,2,0,0.9919731804408589,1,0.7646256171965875,678
15,2,0,0.992201649850416,0,0.7972871984868626,679
15,2,0,0.984362025254564,1,0.7735692555463601,680
15,2,0,0.9943693637533182,0,0.7722510680161502,681
15,2,0,0.9928537630569374,0,0.852044558371138,682
15,2,0,0.9766977114080164,1,0.8845755684118051,683
15,0,1,0.9883448524607067,0,0.4023735857191554,684
15,0,1,0.9915885761468548,3,0.8052360053359009,685
15,1,2,0.973711678704313,1,0.8782553889077542,686
15,2,0,0.9818571502589959,1,0.7926244641312834,687
15,2,0,0.9936827747083404,2,0.8044966303614981,688
15,2,0,0.9926346255548335,1,0.8206496006661219,689
15,3,3,0.970216236389507,1,0.9067563468050923,690
15,3,3,0.9738850268658388,1,0.6681388571737301,691
15,2,0,0.98601151205203,1,0.7981910268963199,692
15,0,0,0.9965050792343074,0,0.818311314672648,693
15,3,3,0.9952464828359311,1,0.886563759264789,694
15,1,2,0.9925255775698711,1,0.8677269007195267,695
4,1,2,0.9958529833447555,2,0.8451132339604928,696
4,1,2,0.9958484692764521,2,0.7828825695163265,697
4,1,2,0.9987493953656054,3,0.9034308245725956,698
4,1,2,0.980809449334821,2,0.6086865737012559,699
4,3,2,0.9971846996215337,1,0.801648870687117,700
4,1,2,0.9936035266183536,2,0.7210962993215663,701
4,0,1,0.9960584904914849,2,0.7183982934487797,702
4,1,1,0.9722166813964079,2,0.7334322765509795,703
4,3,3,0.9980045994187009,1,0.8160174825434148,704
4,1,2,0.9977731487162796,3,0.9725890481694228,705
4,3,3,0.9955395422264712,1,0.7580409515914509,706
4,1,2,0.9934859119229733,1,0.7347811192250762,707
4,0,2,0.9985871683658998,3,0.8072147966063292,708
4,3,3,0.9813944817555098,1,0.7764160565739431,709
4,3,3,0.9760553164677324,1,0.30838865138779026,710
4,3,3,0.9917098106043294,1,0.8101982754734788,711
4,1,2,0.9700121905834826,2,0.7780647634609614,712
4,1,2,0.9918448105362223,2,0.8361783221235439,713
4,1,2,0.9931603872455012,0,0.7086663487969131,714
4,1,2,0.9980111694041609,2,0.8493981938055111,715
4,3,3,0.9970164230876081,1,0.8048740112702714,716
4,1,2,0.994510837313121,2,0.9335698683573513,717
4,0,1,0.9975452590486986,2,0.7176641137803149,718
4,0,1,0.9957358445293119,2,0.7202066290718339,719
4,1,2,0.9882740807048803,1,0.6806865283415053,720
4,1,2,0.9975703672198952,1,0.8798649691219533,721
4,1,2,0.9930461093911875,1,0.7584663316510304,722
4,1,2,0.9958138004643383,3,0.952492239104974,723
4,3,2,0.9883129368128506,1,0.7670430468903076,724
4,1,2,0.9887878316850048,2,0.8379941927534812,725
4,1,1,0.9850702723019695,0,0.7860229173582379,726
4,1,2,0.9786957466195687,2,0.7364104798411267,727
4,1,2,0.9977614989027905,2,0.8448208315600567,728
4,1,2,0.9986276904329849,2,0.8615061405211313,729
4,0,1,0.996917798465589,2,0.7615693436921036,730
4,2,0,0.9935123455841935,2,0.7402081145969626,731
4,1,2,0.9967289970341742,2,0.898355709694122,732
4,3,3,0.9695713279535871,1,0.3619043630436951,733
4,1,2,0.9974307062461613,2,0.8384532444920441,734
4,3,3,0.9983548487243268,1,0.8682799482617509,735
4,1,2,0.9959606389608097,2,0.8372213181094238,736
4,1,2,0.9981437066091854,2,0.780605534476057,737
4,3,3,0.981025670256283,1,0.7122603108146898,738
4,1,2,0.9915966525653221,2,0.6406655974884012,739
4,0,1,0.993812330944314,0,0.6571419711511115,740
4,1,2,0.9838193118572223,2,0.7408318100290769,741
4,1,2,0.9937405154618886,3,0.9015562940543216,742
4,1,2,0.9989687047895388,1,0.8480887998459838,743
4,1,2,0.9962380529043726,2,0.8449961083919739,744
4,1,2,0.9978823990152281,2,0.9511133243189365,745
4,1,2,0.9857829259316677,0,0.75857041979885,746
4,1,2,0.9900312991082258,1,0.7675349792036843,747
4,2,2,0.9983099735246286,3,0.9443491393964437,748
4,1,2,0.9491414387808416,2,0.7984752117287897,749
4,3,3,0.9749649694154238,1,0.8102121733118168,750
4,1,2,0.9949259080934051,1,0.7552661381408701,751
4,1,2,0.9826014557733074,1,0.7967046414497576,752
4,1,2,0.9955851534767244,2,0.8557330601474263,753
4,2,0,0.9819717226925074,2,0.7753239239102214,754
4,2,0,0.9956597798651929,2,0.7954571962123951,755
4,2,0,0.9980812952125541,2,0.9112993429549225,756
4,1,2,0.9906188843014005,2,0.7677486090236276,757
4,1,2,0.9904697410066778,2,0.7434643362094127,758
4,3,3,0.989247256712503,2,0.8284440404628711,759
4,3,3,0.9943222921704966,1,0.7364732858651525,760
4,2,0,0.9592029338464984,2,0.6832606603363137,761
4,3,2,0.9925660385196926,2,0.7681785354698643,762
4,1,2,0.9742553985444687,1,0.7463249782890424,763
4,0,1,0.9963948967126871,0,0.7326257512870916,764
4,0,1,0.9801170516270568,2,0.7827104162414955,765
4,1,2,0.9815971213514232,2,0.6825365029222629,766
4,1,2,0.9863297710906944,1,0.778363688017671,767
4,0,1,0.9991200474179105,3,0.8731034930244964,768
4,0,1,0.9981656771664353,0,0.7826075267272616,769
4,2,1,0.9647806408974562,2,0.6633194891938257,770
4,2,0,0.9959749603954697,2,0.8370714705604898,771
4,1,1,0.9922539267275066,0,0.7236255508172087,772
4,1,2,0.9904546285894483,2,0.7711478250923658,773
4,1,2,0.9967296008693929,2,0.834385082745998,774
4,1,2,0.989292849497048,2,0.7942342457016109,775
4,3,3,0.9819963356262073,1,0.7135538596316571,776
4,0,1,0.9949090287113479,2,0.8033371968943912,777
4,2,1,0.9920947081353592,2,0.7326852228155232,778
4,1,2,0.9978283264025547,2,0.8046066997472373,779
4,0,1,0.9971686580996726,0,0.6556720431329939,780
4,1,2,0.9942226904372045,2,0.8772164305681263,781
4,0,1,0.994382004241132,2,0.7943872167897525,782
4,0,1,0.9709294286721175,2,0.7921474764304846,783
4,1,2,0.9881201032535556,2,0.704082617324067,784
4,0,1,0.9797765096062558,2,0.7151037106314648,785
4,2,0,0.9978873057385123,0,0.8097312604174944,786
4,1,2,0.9979975144669584,2,0.8242704093494461,787
4,2,0,0.9970308471628723,0,0.7474524205355981,788
4,0,1,0.9894844369142435,0,0.6174385317230429,789
4,3,3,0.9813385156634657,1,0.5477992038374844,790
4,2,2,0.9965636654032178,2,0.8507518614936385,791
4,1,2,0.996645150114408,2,0.8317588594448351,792
4,3,3,0.9912231412365554,2,0.7445928833245148,793
0,1,0,0.9472805702776697,0,0.7986386634860456,794
0,1,2,0.9954771224696797,1,0.8225037088595939,795
0,1,2,0.9944203418138177,1,0.8687505000943025,796
0,2,0,0.9898015102492417,1,0.8062459826970175,797
0,1,2,0.9936118206050308,1,0.8983720667765411,798
0,1,2,0.9979778688925486,1,0.9422391159653064,799
0,1,2,0.9967482928676774,1,0.8443489222998632,800
0,1,2,0.9961008204101451,2,0.7961836539308177,801
0,1,2,0.9908148755044719,1,0.7414485021646056,802
0,1,2,0.9985464411027997,2,0.870273250132903,803
0,1,2,0.9962634274529771,1,0.8773296107720449,804
0,1,2,0.9982945857659156,1,0.8945844538776379,805
0,1,2,0.9947168176152336,1,0.7968717975552545,806
0,0,2,0.9979736396276817,1,0.8264100289426397,807
0,3,3,0.9876548982410434,1,0.7244079856656909,808
0,1,2,0.9974670268262178,1,0.8002871567921042,809
0,1,2,0.9946563897310996,1,0.8925045593640484,810
0,1,2,0.9932512097336574,1,0.8550094409452871,811
0,1,2,0.9953992856214613,3,0.912717026822865,812
0,1,2,0.9956675766623576,1,0.7641632235142721,813
0,1,2,0.996861913468791,1,0.8296486644997287,814
0,0,1,0.987363275742736,1,0.6758451720460052,815
0,2,0,0.9894524841374479,1,0.8629156648127596,816
0,2,0,0.9971079543717474,1,0.8413235859969379,817
0,0,1,0.9972584081337053,3,0.9043605604735747,818
0,1,2,0.9974280508510069,1,0.8825608918620031,819
0,0,1,0.9738348937570891,1,0.5869073014530386,820
0,3,3,0.9916501474792704,1,0.7964234127680428,821
0,0,1,0.9916495856527718,1,0.7727963857743446,822
0,3,3,0.9846026301469528,1,0.6816430012637134,823
0,0,1,0.9851279199341811,0,0.6835612818647075,824
0,3,3,0.9953427819144778,1,0.7927113829575458,825
0,1,2,0.9972432009102128,1,0.8325632787730122,826
0,1,2,0.996233950100385,1,0.8742935937494525,827
0,1,2,0.9916915433488938,0,0.6736831074650023,828
0,0,1,0.9946957589980641,0,0.5268276474931913,829
0,2,0,0.9979119192334284,3,0.8798971152919477,830
0,1,2,0.9978077710282338,1,0.8298865283729726,831
0,2,0,0.9889193711596609,2,0.7805680438894935,832
0,3,3,0.9962618017463708,1,0.691774921171401,833
0,2,0,0.9588160415991431,1,0.8209571021639649,834
0,2,0,0.9888584516824104,0,0.7517672110732319,835
0,1,2,0.9967451728707067,1,0.9373483556351906,836
0,2,0,0.989105685519718,1,0.7937725116303314,837
0,1,0,0.9933059520008046,0,0.7075965244191881,838
0,3,3,0.9978809830209393,2,0.6875447570888031,839
0,1,2,0.996497328846716,2,0.8541068440095935,840
0,1,2,0.9985129140990914,1,0.8833071416115128,841
0,1,2,0.9910043551541186,1,0.7789265987250202,842
0,1,2,0.9968931289388673,1,0.8332545048598683,843
0,3,3,0.9962653286023364,1,0.7546046884649409,844
0,0,2,0.9954732886794572,1,0.7428888437143057,845
0,1,2,0.9882228787569068,1,0.7578555098420525,846
0,3,3,0.9980237161671368,1,0.9318109501929962,847
8,1,2,0.9845692988648362,2,0.7756503683060108,848
8,3,3,0.97038931448723,2,0.615794241662343,849
8,1,2,0.9881673128965945,2,0.8294658966155781,850
8,3,3,0.9699815117189694,2,0.801463199682177,851
8,1,2,0.9710380628143043,2,0.6799451887885356,852
8,3,3,0.9849859896452456,2,0.8469310065778962,853
8,3,3,0.9913642391150743,2,0.8648564424159814,854
8,1,2,0.9887769566661423,2,0.887632642468418,855
8,1,2,0.9726573847333334,2,0.8022955207236768,856
8,1,2,0.9686129859329906,2,0.762086160774432,857
8,3,2,0.9894133724780743,2,0.8551103450413171,858
8,1,2,0.9812478184105241,2,0.8297515893866635,859
8,1,2,0.992847630533338,2,0.8722253062707003,860
8,1,2,0.9730061002192265,2,0.7792394526308034,861
8,3,2,0.9782166537629848,2,0.8526150587511538,862
8,1,2,0.9931935548222952,2,0.8965955359966751,863
8,1,2,0.9542207783473475,2,0.6287669205244426,864
8,3,2,0.989112825941865,2,0.8650114498728274,865
8,1,2,0.9912343159482024,2,0.8257761259688507,866
8,1,2,0.9751065148202891,2,0.8294213389365773,867
8,1,2,0.9798022774088916,2,0.7665420089186923,868
8,1,2,0.9813647866421,2,0.8539039879750641,869
8,1,2,0.9697752427419822,2,0.8161430744824427,870
8,1,2,0.9953850039206706,2,0.9493406675066172,871
8,3,3,0.9910835586422485,1,0.8292241852699859,872
8,0,2,0.9501333735850443,2,0.6616041823649593,873
8,1,2,0.9829085728894172,2,0.8094126817356343,874
8,1,2,0.9908376952856264,2,0.859585496149588,875
8,3,3,0.9676062134466622,2,0.7521456429577507,876
8,1,2,0.984208182278923,2,0.8055473285507697,877
8,1,2,0.9805419300566663,2,0.7867651995117431,878
8,1,2,0.972280163558618,2,0.7707388958971725,879
8,1,2,0.979984224864183,2,0.8283054306312855,880
8,3,3,0.990147324999671,2,0.8709087171538368,881
8,1,2,0.9929452855613146,3,0.8712028511972014,882
8,2,2,0.9716880484686468,2,0.8260396488504334,883
8,1,2,0.990893053297715,2,0.855122351351914,884
8,1,2,0.9676629866017277,2,0.7286084160044317,885
8,3,2,0.986510917311066,2,0.7618382451339119,886
8,1,2,0.990130294347246,2,0.7986010406202878,887
8,1,2,0.9635599260527213,2,0.7878467996693808,888
8,1,2,0.9766486894411408,2,0.8676575907812119,889
8,1,2,0.9940665260794777,2,0.9242906713366948,890
8,1,2,0.9907805864478857,2,0.8873166538732431,891
8,3,3,0.9892946414938975,1,0.8020390821904892,892
8,3,3,0.9651523268050599,2,0.6643550545573285,893
8,3,1,0.9375604896246256,2,0.20486728184602587,894
8,1,2,0.9769726212779053,2,0.8215209711711304,895
8,1,2,0.9773091424776986,2,0.7443652342210514,896
8,3,2,0.9617522763220155,2,0.6763216085293458,897
8,1,2,0.965977339806428,2,0.7435161682391923,898
8,1,2,0.9785663880271335,2,0.8571002377878352,899
8,3,3,0.9866452048277378,2,0.8280533440678663,900
8,3,2,0.9875370591328805,2,0.828763862782855,901
8,1,2,0.9740379773891608,2,0.7570496510371152,902
8,1,2,0.9928748685211058,2,0.869213167057751,903
8,1,2,0.9849676081259804,2,0.8275724033235059,904
8,1,2,0.9751297913727068,2,0.7644518834815667,905
8,3,2,0.9794708662705351,2,0.7349291433177843,906
8,1,2,0.9855495851229357,2,0.7666385722949236,907
8,3,3,0.9532553251602136,2,0.6386293632304771,908
8,3,2,0.9793695453333051,2,0.8067299967962653,909
8,1,2,0.9939561791385039,2,0.8819149992914458,910
8,1,2,0.9932497613742889,2,0.8859339957993526,911
8,3,3,0.9453426510755988,2,0.5862137303572577,912
5,2,0,0.9910932528134228,3,0.864280518113561,913
5,0,0,0.9956717192547687,0,0.8222926939297373,914
5,2,0,0.9954731072141947,1,0.8638312799107681,915
5,2,0,0.9844818660172863,1,0.8009034093913947,916
5,1,2,0.9934879971559372,2,0.8315122682907226,917
5,2,0,0.9879919461005343,2,0.8565585146802651,918
5,2,0,0.9787226778090239,0,0.6518578876013208,919
5,2,0,0.9942342846587541,0,0.874856773591911,920
5,2,0,0.9951534067733816,1,0.8923445061650315,921
5,1,2,0.9850871500645428,2,0.8614549491144179,922
5,3,3,0.903038815678566,1,0.7292587306729639,923
5,2,0,0.978942640719319,1,0.7250862643154925,924
5,0,1,0.9822983792566615,3,0.8716521716099963,925
5,2,0,0.9792748156830041,2,0.7127568847617392,926
5,2,2,0.9927376814249363,3,0.9409695348569482,927
5,2,0,0.9900275447328015,0,0.856271395415622,928
5,2,0,0.9771388969292976,1,0.8409045457330141,929
5,2,0,0.9856089102972807,1,0.8278528580972832,930
5,2,0,0.9546985731547093,1,0.769697448281961,931
5,2,0,0.9893552983876913,3,0.9402677581694068,932
5,2,0,0.9598216649508544,1,0.7933738205043948,933
5,2,0,0.9869951673394227,1,0.821641133776565,934
5,2,0,0.9509064970480123,1,0.616716816556634,935
5,2,0,0.9688128860404952,0,0.7475272243064885,936
5,3,3,0.9638832437174571,1,0.8432121200345417,937
5,2,0,0.9938667753721002,0,0.8249249919077378,938
5,2,0,0.9423631195712175,1,0.7405848634109657,939
5,0,1,0.9951136165817611,0,0.8273614552673119,940
5,3,3,0.9914799561374403,1,0.74590991977237,941
5,3,3,0.9641365881733914,1,0.8175267096700987,942
5,1,3,0.9793409189310742,1,0.9122513867054007,943
5,1,2,0.9823354453606006,0,0.7449213255441585,944
5,2,0,0.9635806995791781,1,0.6443047022385333,945
5,2,0,0.9793721072579693,0,0.7856112878639528,946
5,2,0,0.9264436859980698,1,0.8010709199679927,947
5,2,0,0.9882251211074278,1,0.7830711685049826,948
5,0,1,0.9890891898729206,3,0.9020261310141062,949
5,2,0,0.9860637031239574,0,0.8078719350820341,950
5,2,0,0.9814845697415329,0,0.7600004019264813,951
5,2,0,0.9925122437917797,0,0.8297862925777689,952
5,2,0,0.97323486760455,1,0.8810461555255995,953
5,2,0,0.9788403211416028,1,0.86945458911899,954
5,2,0,0.9918478193244482,1,0.8341307548684267,955
5,2,0,0.9926608467048028,0,0.7095287618097273,956
5,2,0,0.9792755291839205,0,0.8059597978061176,957
5,2,0,0.988740082911497,2,0.8176695105301057,958
5,2,0,0.9735100469088146,0,0.6279231325028388,959
5,2,0,0.9727641225147995,1,0.7283466087527335,960
5,2,0,0.9939477376346917,0,0.8944751742133542,961
5,2,0,0.9790319698533864,1,0.8125590396193598,962
5,2,0,0.9955451776747866,0,0.8371820697540129,963
5,2,0,0.9879398415085243,0,0.8502618739456129,964
5,1,0,0.9865866957606944,1,0.7523946099492304,965
5,3,3,0.9761797593926237,1,0.6005681052508899,966
5,3,3,0.9945342096080111,0,0.8844403249854269,967
5,3,3,0.9897731003940087,1,0.9143527508567009,968
5,1,2,0.9656840693555195,1,0.6533403378705386,969
5,3,3,0.9828260591879419,1,0.6614166212325001,970
5,2,0,0.9718599979733176,1,0.8023966856354644,971
5,0,0,0.9852757089413496,1,0.7633444668076346,972
5,2,0,0.9952495597332291,1,0.9124512441115984,973
5,2,0,0.9940378236774734,0,0.8180037102172977,974
5,2,0,0.9883508840248814,2,0.7888192949530755,975
5,2,1,0.9776480648196861,2,0.7650143336983856,976
5,2,0,0.993307114007779,2,0.8032330614818035,977
5,0,1,0.9795781279279903,2,0.7117076585734108,978
5,2,0,0.9915117279219244,0,0.7191684005004044,979
5,2,0,0.9961353555569658,2,0.8342819531307639,980
5,1,2,0.9738605249979689,0,0.8017564533867538,981
5,2,0,0.961136013347917,2,0.8166021741294217,982
5,0,1,0.9975924220590682,2,0.8750839300972472,983
5,2,0,0.9939145749952805,2,0.8275563892850166,984
5,2,0,0.9912143598119848,2,0.8705364471631725,985
5,2,0,0.9927679036701385,2,0.8983261619786622,986
5,2,0,0.9919252643038172,0,0.7850343062019949,987
5,2,0,0.9710900784701879,2,0.8027021138378592,988
5,2,0,0.9956891626772664,2,0.9079742688419156,989
5,2,0,0.9959451796055405,0,0.8744497633984346,990
5,1,2,0.9800782692590655,2,0.6577852025122335,991
5,2,2,0.9939261990844052,3,0.9581107859634712,992
5,2,1,0.9858366549258748,0,0.7756015205377249,993
5,2,0,0.9952016966881367,2,0.8431300591812736,994
5,3,3,0.9894967144875046,1,0.820825864249879,995
5,0,1,0.9740825297238522,0,0.6442003785638966,996
5,1,2,0.9917428642884356,1,0.7083963281700073,997
5,2,0,0.995342913327453,1,0.8912280576214122,998
5,2,0,0.9956359519483244,0,0.8392734172102931,999
5,1,2,0.9946538630832487,0,0.8703943517930279,1000
5,1,2,0.9946409744435217,0,0.8326439145846825,1001
5,2,0,0.9897807059242378,2,0.8040562516633476,1002
5,1,2,0.98444839028782,1,0.6579567663589783,1003
5,0,1,0.988542186077592,0,0.7526988614137005,1004
5,1,2,0.9916052522741257,2,0.8555372847770575,1005
5,2,0,0.9894537699208893,0,0.6969349842772693,1006
5,2,0,0.9925996592901278,2,0.8953993417790854,1007
5,2,2,0.9950038515263273,2,0.8906541191939172,1008
5,2,0,0.9867066558346855,2,0.7746375154253997,1009
5,2,0,0.9745435256295352,2,0.6467231843577721,1010
5,0,1,0.9960599717029729,0,0.9183170809109715,1011
5,2,0,0.9964738504193988,0,0.882497717107947,1012
5,2,0,0.9969566304903899,0,0.8592234297005599,1013
5,1,2,0.969972870822154,2,0.7969631773446592,1014
5,2,0,0.9933670375136343,2,0.8351932899035703,1015
5,2,0,0.9961990995727221,2,0.8829689975738464,1016
5,2,0,0.9868273266131344,2,0.8063816969992574,1017
5,2,0,0.9965698749417854,2,0.9498809357599747,1018
5,1,2,0.9907247467675174,1,0.7428496807219622,1019
5,2,0,0.9925241813374903,0,0.775530273385747,1020
5,2,0,0.9952334217014007,2,0.8817465289104636,1021
5,0,1,0.9968706186190335,0,0.7891424922562372,1022
5,2,0,0.9953467163953743,2,0.8372723794712249,1023
5,3,0,0.9886574166868689,2,0.7087660776084992,1024
5,2,0,0.992793639392973,2,0.8516237741285482,1025
5,3,3,0.9846991170955994,1,0.658604989259143,1026
5,2,1,0.9889204626861866,2,0.7472804126768291,1027
5,2,0,0.9870260704497444,2,0.8233918166590362,1028
5,2,0,0.9965387022990742,0,0.8528748509819359,1029
5,2,0,0.9945345537113737,2,0.8636104345619022,1030
5,2,0,0.9966107958135411,2,0.8921775856457562,1031
5,0,1,0.9880777725256226,0,0.688541166817239,1032
5,2,0,0.9867525666255719,0,0.7006259109675235,1033
5,3,3,0.9851948730402609,1,0.7099513164019688,1034
5,3,3,0.9635387262987305,1,0.4154081539786073,1035
5,3,3,0.9952124680213198,1,0.7776985255064913,1036
5,1,2,0.9882106374024627,1,0.8537899041566269,1037
5,2,1,0.9930665653083768,2,0.8005652548749405,1038
5,3,3,0.9974024140717468,1,0.9490220769729936,1039
5,2,2,0.9970035491635981,1,0.9186387031770108,1040
5,2,0,0.991337085381243,2,0.7973153314305514,1041
0,1,2,0.9987361849191722,1,0.9314379475681834,1042
0,0,1,0.9934186318030334,0,0.6204414857414706,1043
0,0,1,0.9980563699183312,1,0.8080098485236229,1044
0,0,1,0.9906244003024068,0,0.7173903056592609,1045
0,0,1,0.9966479502755714,1,0.7752833274890392,1046
0,0,1,0.9975897232154247,0,0.7280736250043194,1047
0,0,1,0.998379851642788,0,0.7616291937071902,1048
0,1,2,0.9955841995439854,0,0.6270576082941367,1049
0,0,1,0.9969438874389308,1,0.7052496957687773,1050
0,0,1,0.993499476483791,0,0.5927334787144105,1051
0,0,1,0.9948844604391638,3,0.8158625670628814,1052
0,0,1,0.9973992950103691,0,0.7097374072596133,1053
0,0,1,0.9988911378971514,0,0.7699940115925877,1054
0,1,2,0.9974923182034878,0,0.7915473219946869,1055
0,0,1,0.9984658464528184,0,0.8104787442720299,1056
0,1,2,0.9923012256059462,1,0.6936250111123317,1057
0,1,2,0.9952725639972675,1,0.7407660303001976,1058
0,1,2,0.9940724961664582,1,0.7308638816684596,1059
0,3,3,0.9943221399087542,1,0.8349369361591048,1060
0,0,1,0.9916994150348256,3,0.9423634085518938,1061
0,1,2,0.9991071318957832,2,0.8171924700759612,1062
0,0,1,0.9867947327204243,0,0.4475192069673673,1063
0,0,1,0.998560022838864,0,0.7485384745886612,1064
0,0,1,0.9897905401150919,1,0.7579495850225328,1065
0,0,1,0.9963867898999392,0,0.6734875514852743,1066
0,0,1,0.9974509397532955,0,0.5832966542528542,1067
0,1,2,0.9977261695239658,1,0.8652121945491835,1068
0,0,1,0.9973457194317414,0,0.7236016342834498,1069
0,0,1,0.9966590600249373,0,0.5293736850272301,1070
0,0,1,0.9969656029944673,0,0.8322628618079756,1071
0,0,1,0.9894750430807793,0,0.7416613041329863,1072
0,0,1,0.9951265146090211,3,0.9181325843129238,1073
0,1,2,0.9925428030061718,0,0.6252809732316986,1074
0,0,1,0.9968161244997711,0,0.5627800932237194,1075
0,0,1,0.9976062265447873,0,0.680440658724561,1076
0,1,2,0.9959764164464052,1,0.8335876625211324,1077
0,0,1,0.9948575762734002,3,0.9190531090143783,1078
0,0,1,0.9985323614806961,1,0.849163457009092,1079
0,0,1,0.9952428197965826,3,0.8511984399611537,1080
0,0,1,0.9977347756400017,0,0.6963025197655166,1081
0,1,2,0.9956525846864097,1,0.9194075284690771,1082
0,0,1,0.9979799038392071,0,0.810426203844935,1083
0,0,1,0.9985951692535983,0,0.7384510094231298,1084
0,0,1,0.9967188643747319,0,0.6560841046836103,1085
0,1,2,0.9934075515596095,1,0.7893826624618043,1086
0,1,2,0.9917466062956584,1,0.8012359904945903,1087
0,1,2,0.9983233000452554,1,0.8261551630960389,1088
0,0,1,0.9856299836545845,1,0.44508948365245343,1089
0,0,1,0.989509219091963,1,0.7002618473603712,1090
0,0,1,0.9926528006665025,1,0.6990604500982827,1091
0,0,1,0.997772864550478,3,0.8352121826578836,1092
0,0,1,0.9972741742158431,1,0.815198840727082,1093
0,2,0,0.9846494015725145,1,0.8580854494698654,1094
0,0,1,0.9954026489596226,3,0.9288453583102021,1095
0,1,2,0.9980043866018254,2,0.7864903970687577,1096
0,1,2,0.9991557366920141,1,0.8627559800125899,1097
0,1,2,0.9980135081519961,0,0.8021570445189754,1098
0,0,1,0.993394893618371,0,0.6122643197188908,1099
0,0,1,0.9962446291407678,0,0.7466193244658489,1100
0,1,2,0.9919252100794295,0,0.6982856996152231,1101
0,1,2,0.9942739986835255,1,0.7452230663734472,1102
0,1,2,0.9971705249378221,2,0.7100140709025373,1103
0,2,0,0.9968382411744414,2,0.836407491416043,1104
0,2,0,0.9936409435611465,1,0.8394438646610234,1105
0,3,3,0.9969648712045769,1,0.7688020107168833,1106
0,2,0,0.9981557023791146,1,0.9328011275884679,1107
0,1,2,0.9835215130838508,0,0.6786890183951345,1108
0,1,2,0.9899459860849285,0,0.7925283623258661,1109
0,2,0,0.9935566424865662,1,0.8203073438799432,1110
0,0,1,0.9970123675064602,3,0.9556321676353436,1111
0,0,1,0.9962634980779548,0,0.5885442922517333,1112
0,0,2,0.9982177580230633,0,0.7351819191522213,1113
0,0,1,0.9928309842937976,1,0.7622485535976207,1114
0,0,1,0.9979288819532868,0,0.7523253903659413,1115
0,0,1,0.9946431840629999,1,0.7626770527624447,1116
0,0,1,0.996348734718996,1,0.6945597931124161,1117
0,0,1,0.9982716222951056,0,0.8588275348644077,1118
0,1,2,0.9968653340993667,0,0.7850029600842086,1119
0,0,1,0.997819932535368,0,0.7249357958441307,1120
0,1,2,0.9987201731176505,1,0.7852950936540677,1121
0,3,3,0.9960766239249408,0,0.7489144391499858,1122
0,1,2,0.9956919621047753,1,0.7603176206390149,1123
0,0,1,0.9971468870736787,0,0.680909110495997,1124
0,0,1,0.9970975692663581,1,0.6069979380814117,1125
0,0,1,0.9975188370328794,0,0.8032905237536003,1126
0,0,1,0.9976706493729877,0,0.659939358761966,1127
0,1,2,0.9980773471185138,1,0.839401916247092,1128
0,0,1,0.9955620879397469,3,0.8070257518155547,1129
0,0,1,0.9930711344567964,1,0.5178741771885614,1130
0,0,1,0.9911897662275561,1,0.6921503722163598,1131
0,0,1,0.9983298123456631,0,0.759338206847838,1132
0,0,1,0.9956786566120038,0,0.7838904457550139,1133
0,0,1,0.9959333935917913,0,0.7200599570502408,1134
0,0,1,0.9937726564060972,0,0.7559229552799502,1135
0,1,2,0.9892929304003936,0,0.8569371320021122,1136
0,0,1,0.9947441385669586,1,0.7490664113376664,1137
0,0,1,0.9930461520559534,3,0.8283385674612164,1138
0,0,1,0.9970258817473175,3,0.830997248881122,1139
0,3,3,0.9966734097273091,1,0.7910010339462472,1140
0,2,0,0.9939445337950987,1,0.8707666124669329,1141
0,0,2,0.998530807096371,0,0.8695342249789786,1142
0,1,2,0.997423791448963,1,0.747181018361299,1143
0,0,1,0.9904267924782943,1,0.7000128080737728,1144
0,0,1,0.9977052217940439,3,0.661967509160894,1145
0,0,1,0.9981927785936773,3,0.7967448567702956,1146
0,0,1,0.9890813896592731,0,0.6900620827011936,1147
0,0,2,0.9978837427745587,1,0.7205357056754604,1148
0,0,1,0.990801800581814,0,0.5234119389857792,1149
0,0,1,0.9964638480005612,0,0.7614080074960183,1150
0,0,1,0.9967827090780627,3,0.8583490877451678,1151
0,0,1,0.9971046909637817,0,0.7866282614772583,1152
0,0,1,0.9948305050918691,0,0.6073200240586203,1153
0,0,1,0.9976365165308927,3,0.7864867385825614,1154
0,0,1,0.9824184764082436,1,0.41096684372338155,1155
0,0,1,0.9910900325601343,0,0.6192403420543495,1156
0,0,1,0.9974073747279181,0,0.7481887567503476,1157
0,0,1,0.99374733270393,0,0.8008768621300588,1158
0,1,2,0.9975862416460889,0,0.7445199550119495,1159
0,2,0,0.9979499021551144,0,0.7894978663539635,1160
0,0,1,0.9981404785006455,0,0.8563109690570281,1161
0,0,1,0.991292690898733,0,0.5339765672583786,1162
0,1,2,0.9983568992041012,0,0.7661232108624743,1163
0,0,1,0.9954991748809662,1,0.5421786328023143,1164
0,3,3,0.9902724387691209,1,0.781016961561663,1165
0,0,1,0.9907850332636196,0,0.6875235540519216,1166
0,0,1,0.9980874084857233,0,0.7214419873503751,1167
0,1,2,0.9962459005961779,1,0.928600866845246,1168
0,0,1,0.9886943944434688,1,0.6590494345950664,1169
0,0,1,0.9914827511787444,1,0.34477750533523316,1170
0,0,1,0.996349285863119,0,0.6979296273892124,1171
0,0,1,0.9945478352085877,1,0.7249169819018392,1172
0,1,2,0.988017997110016,1,0.7380832231002263,1173
0,1,2,0.9948128048447138,3,0.9499323351132365,1174
0,0,1,0.9956588181141979,1,0.5682067017726935,1175
0,1,2,0.9900309449186098,1,0.8141758126243003,1176
0,1,3,0.9601287773047935,1,0.508689030715798,1177
0,0,1,0.995458297810744,1,0.7556557135701233,1178
0,0,1,0.9977945595237039,0,0.8318053729428212,1179
0,2,0,0.99808957051964,0,0.801529235186763,1180
0,0,0,0.9974660146493531,0,0.8457295079821359,1181
0,0,1,0.9983740937748211,0,0.7299129658578436,1182
0,0,1,0.9988206911726718,0,0.7275542122226828,1183
0,2,0,0.9989266290531423,1,0.9034463271564497,1184
0,0,1,0.995698219532342,3,0.7972002491045833,1185
0,0,1,0.9977962184666234,0,0.8152548494238012,1186
0,3,3,0.9870438211099004,1,0.8429373272943057,1187
0,1,2,0.9968369511406128,1,0.8863504848393216,1188
0,0,1,0.9991746487746718,0,0.7587744981728974,1189
0,3,3,0.9799991088026003,1,0.8569135135805134,1190
0,1,2,0.9926102124500493,1,0.7931408574174299,1191
0,3,3,0.9872875315191351,1,0.1940311314242378,1192
0,3,3,0.9953450445295223,1,0.6937105203033177,1193
0,3,3,0.9971415790961439,1,0.7331166913329651,1194
0,2,0,0.9894497890470733,1,0.7714332321014176,1195
0,0,1,0.9912486380314609,1,0.5168571562391712,1196
0,3,3,0.975419395600269,1,0.38841520793712114,1197
0,1,2,0.9905492411103862,1,0.7522471319035895,1198
0,1,3,0.9631170500289488,1,0.6142840646807708,1199
0,1,2,0.9962301192159453,0,0.9259616120555954,1200
0,2,0,0.9918592576087594,0,0.7434762273970488,1201
0,0,2,0.9960958117224343,1,0.7232386077559627,1202
0,0,1,0.9974693649552726,1,0.7402040030966551,1203
0,0,1,0.9970617439973873,0,0.4578831158762378,1204
0,0,1,0.9964513477541765,0,0.7238141925648065,1205
0,2,0,0.9970756975633689,1,0.8608137095863566,1206
0,1,2,0.9984291317910747,1,0.7796437461006365,1207
0,0,1,0.9863297469094332,1,0.7072220037242285,1208
0,0,1,0.9912043724726407,1,0.7168365569129469,1209
0,0,1,0.9794032904826271,1,0.6012590212986464,1210
0,0,1,0.9925587754785392,0,0.8149831691086491,1211
0,1,2,0.9940781253524689,0,0.8396232649956924,1212
0,1,2,0.992875790802736,1,0.7337935570923539,1213
0,1,1,0.982311886338115,1,0.8553672422059977,1214
0,0,1,0.9963012462102276,0,0.37421220624133567,1215
0,1,2,0.9918184197604029,1,0.7645756573682725,1216
0,2,0,0.9914776812455498,1,0.7909399724634366,1217
0,1,2,0.9943276154591589,3,0.9296461032192102,1218
0,0,1,0.9949857271563145,1,0.7942571160329274,1219
0,3,2,0.9953573768292073,1,0.7657885271949615,1220
0,1,2,0.9904558779230109,1,0.8256112945646069,1221
0,0,2,0.9974784481143552,1,0.8967376199231347,1222
0,2,0,0.9867292336731354,0,0.791234923065169,1223
0,1,2,0.9972046296857031,1,0.9020386021809048,1224
0,1,2,0.9961557035180453,3,0.9016596546142369,1225
0,1,2,0.9963184153200058,1,0.8746817220985346,1226
0,0,1,0.9959958590080212,0,0.8368774570775553,1227
0,0,1,0.9946613934740669,1,0.6833008652968529,1228
0,2,0,0.9939955502837392,1,0.9033705418107552,1229
0,0,1,0.9969207077660568,0,0.8738407077409013,1230
0,3,2,0.9957331500961241,1,0.8874740697246877,1231
0,1,2,0.9940962360393504,1,0.7528189474724691,1232
0,2,0,0.9975622785243982,0,0.9045857884709085,1233
0,3,3,0.9930915634444487,1,0.654432992191524,1234
0,1,2,0.995716069489639,3,0.924152809477364,1235
0,3,3,0.9850445331831311,1,0.7263460396895713,1236
0,1,2,0.9962894908964232,1,0.9040273329533395,1237
0,0,1,0.9810370015313243,1,0.6757001830451453,1238
0,3,3,0.992305865812496,1,0.8849197511795525,1239
0,2,0,0.97936190386681,1,0.8134326158803292,1240
0,1,2,0.9903933178811198,1,0.8568723582301009,1241
0,0,1,0.9958453755698273,3,0.9266644565240033,1242
0,0,1,0.9763940586754971,1,0.5948360115585396,1243
0,1,2,0.9971675232463961,1,0.8873440866515272,1244
0,1,2,0.9889486893233861,1,0.8356250764358195,1245
0,3,3,0.9946543411284209,1,0.7939964996735092,1246
0,3,3,0.9926618604481094,1,0.5866032780172482,1247
0,1,2,0.9902051848073549,1,0.8212021218001335,1248
0,0,1,0.9741117524618387,1,0.7742289841662797,1249
0,3,3,0.9247704960816443,1,0.36932637130448476,1250
0,0,1,0.9884177235036403,1,0.7527472811133209,1251
0,0,1,0.9979142294176667,1,0.8214856999069212,1252
0,1,2,0.9942431957320652,1,0.7728263141313855,1253
0,1,2,0.9915263690097365,1,0.755589671532038,1254
0,2,0,0.9842620832283251,1,0.8135701860272153,1255
0,0,1,0.9970669320054516,0,0.8561296141122421,1256
0,1,2,0.9973990276290918,0,0.8020217282572571,1257
0,0,1,0.9975281043143445,0,0.9215239438162685,1258
0,0,1,0.997598759095816,0,0.8513325193939905,1259
0,0,1,0.9978893979767456,0,0.8280125483636556,1260
0,2,0,0.9811933724353612,0,0.7619325691585948,1261
0,1,2,0.9908643424328402,1,0.7742314644630721,1262
0,3,3,0.994759975129659,1,0.7715411441851112,1263
0,0,1,0.9822744448141978,1,0.7337688885221884,1264
0,0,1,0.9952413988530731,2,0.8121921118417229,1265
0,1,2,0.9969230239144298,1,0.9629775249134811,1266
0,1,2,0.994100604423816,2,0.8610639612638425,1267
0,0,1,0.996178085314433,1,0.7898766382244248,1268
0,2,0,0.9938172797626208,0,0.8207937926572323,1269
0,1,2,0.9772342208192331,1,0.7794992839133037,1270
0,3,3,0.9980436048590935,1,0.6532445681886062,1271
0,0,1,0.9970256202950785,1,0.785689709732208,1272
0,1,2,0.9969647407192115,1,0.9248480606051788,1273
0,1,2,0.9974262275688641,2,0.8919323275399316,1274
0,1,2,0.9931645809449883,1,0.7986612468651271,1275
0,0,1,0.9975129243719957,0,0.8756632978462509,1276
0,0,1,0.9959134670947867,1,0.8420084804084923,1277
0,3,2,0.9964297811192511,1,0.8858315326459952,1278
0,0,1,0.9857536709160382,1,0.8161546599290028,1279
11,2,0,0.9964277316050819,1,0.8936857719349092,1280
11,1,2,0.9895190504870265,2,0.7643968397089226,1281
11,0,1,0.997581219252274,1,0.6758827470868782,1282
11,0,1,0.9963251967432569,2,0.827113707284211,1283
11,0,1,0.9923937440858507,2,0.7108135464040597,1284
11,0,1,0.9975524673664959,3,0.8897384408153665,1285
11,0,1,0.9760303771533905,0,0.3855218253900436,1286
11,0,1,0.986370009206474,2,0.614977772376597,1287
11,0,1,0.9912846945575418,1,0.7020477594882251,1288
11,0,1,0.9978125725167594,3,0.8829162357130843,1289
11,2,0,0.9972993663651056,1,0.7430642849406124,1290
11,0,1,0.9907966277174131,1,0.632161783447527,1291
11,0,1,0.9983008699788881,0,0.7122135515651635,1292
11,2,0,0.9921513811220393,2,0.8418122008018867,1293
11,0,1,0.9988845186373856,0,0.7271232283046535,1294
11,0,1,0.998835133942655,3,0.8281075415817108,1295
11,0,1,0.9953449698546775,2,0.6163519331796752,1296
11,2,1,0.996324109239938,2,0.7704979732144508,1297
11,0,1,0.9961294566565277,1,0.7265675623112793,1298
11,0,1,0.9948010112413643,1,0.6920275349407746,1299
11,0,1,0.9970009754644402,0,0.8031523039926312,1300
11,0,1,0.9981792658179313,3,0.8351306586772912,1301
11,0,1,0.9971258118474915,2,0.8147674948969983,1302
11,2,0,0.9942460902549338,1,0.7257053713650554,1303
11,0,1,0.9965934297674328,0,0.7483035873756485,1304
11,0,1,0.9981061855196054,3,0.8901558123913172,1305
11,2,1,0.9778196936930665,2,0.649023449750405,1306
11,0,1,0.9983520070087032,0,0.8170115436432512,1307
11,0,1,0.9991193842737611,0,0.7108942794582964,1308
11,3,3,0.9944980350784501,1,0.6587745404981129,1309
11,2,0,0.9972227458506565,0,0.6968373699918432,1310
11,0,1,0.9966308810877074,1,0.5882524291173277,1311
11,0,1,0.9916105240414799,2,0.59431005077544,1312
11,0,1,0.99566613623342,0,0.5686120177038998,1313
11,0,1,0.9980074531043018,0,0.8232443791611403,1314
11,2,0,0.9980401512333621,1,0.7920403918148765,1315
11,2,0,0.9983139344405946,1,0.8461200841124322,1316
11,0,1,0.9965811772810702,0,0.6497676089695235,1317
11,2,0,0.9905490594805775,1,0.8591898277169353,1318
11,2,0,0.9977787875653442,1,0.8733488253549344,1319
11,2,0,0.9974036137296812,1,0.8683953910561968,1320
11,0,1,0.9970810689333666,3,0.8923958273198401,1321
11,2,0,0.9976715868595449,1,0.8818280648387239,1322
11,0,1,0.9981785282866302,2,0.7180700821860238,1323
11,3,3,0.9980355609573306,2,0.5677727799203967,1324
11,0,1,0.9946235260919931,1,0.8319604035632289,1325
11,0,1,0.966202886917352,0,0.23711303915900606,1326
11,0,1,0.995710923997416,1,0.6969401226731196,1327
11,0,1,0.992810116306024,1,0.6273114212218576,1328
11,2,1,0.9733945791882026,2,0.6945175879770024,1329
11,3,3,0.9972717644081357,1,0.7495458172397453,1330
11,0,1,0.9955586619741886,2,0.6743149281809855,1331
11,2,0,0.9921566230693769,1,0.8494091218211193,1332
11,0,1,0.9990245594862037,0,0.7188206438480964,1333
11,0,1,0.9981214539756027,1,0.6728860419663161,1334
11,2,0,0.9957122230010167,0,0.8255591099798962,1335
11,0,1,0.9946337502814167,0,0.6209948295894714,1336
11,0,1,0.9979848449646869,0,0.7748134862449285,1337
11,0,1,0.9978615586734672,0,0.7500754547203827,1338
11,3,3,0.9927156924554207,2,0.35345475857582254,1339
11,3,3,0.9928817547447935,1,0.8160451436575706,1340
11,3,3,0.9918913018106522,1,0.5874674535599328,1341
11,2,1,0.9926942814314981,1,0.8031959659906449,1342
11,1,2,0.9970054212257871,2,0.8346169939374185,1343
11,3,3,0.9894286332952518,1,0.8492300718114388,1344
11,2,0,0.99613634740998,2,0.8077388355682381,1345
11,0,1,0.9986627042506734,2,0.8013206670418426,1346
11,0,1,0.9990063751307279,0,0.656666030364002,1347
11,0,1,0.9950964419452013,2,0.6950937462647762,1348
11,0,1,0.9979860734691257,0,0.5751817768965144,1349
11,2,0,0.9875281288691897,1,0.7581524402778954,1350
11,2,0,0.994473989066686,1,0.8399397306230821,1351
11,0,1,0.998562420282361,3,0.8951469140798827,1352
11,2,0,0.9977615861566962,2,0.7905321480446014,1353
11,0,1,0.99759595478251,2,0.6835821535647614,1354
11,0,1,0.9778212352062808,1,0.5063554801992667,1355
11,0,1,0.9992114611676604,0,0.7978859954980401,1356
11,0,1,0.9991943801794795,3,0.7373945365650798,1357
11,2,0,0.9732566904585341,1,0.6265266888149899,1358
11,3,3,0.9937987055764086,2,0.5783277796625739,1359
11,2,0,0.9988784745386363,0,0.8382473642464556,1360
11,0,1,0.9963067609614877,0,0.7077147802149713,1361
11,0,1,0.9971941426821437,0,0.584093564810897,1362
11,3,3,0.993567806247273,1,0.7458202990183265,1363
11,0,1,0.9988594117596415,0,0.7416987494164435,1364
11,2,0,0.9991922981134904,0,0.8201784160494785,1365
11,0,1,0.9958712528422734,0,0.5163215551772811,1366
11,0,1,0.9970443817637937,1,0.6531789726283806,1367
11,1,0,0.9969140086524744,1,0.792198617404995,1368
11,2,0,0.995805861092016,1,0.9009997982901179,1369
11,0,1,0.9962855826575618,1,0.75218501974191,1370
11,0,1,0.9968622619422164,2,0.6023862197276368,1371
11,2,0,0.9981165380725101,2,0.8494414409039344,1372
11,0,1,0.984993979689518,1,0.6619453623542259,1373
11,0,3,0.9978475186829104,1,0.5871088888138516,1374
11,0,1,0.9855284622825253,1,0.44390038835448264,1375
11,2,0,0.9979849244955128,1,0.8178956990172614,1376
11,0,1,0.996722073237368,1,0.7396321700805589,1377
11,0,1,0.9922411558927662,1,0.6917746334560275,1378
11,1,2,0.9986549464728128,2,0.8978432091428441,1379
11,0,1,0.9979430870518149,3,0.813896414595852,1380
11,3,3,0.9926953842366644,2,0.6937435969538583,1381
11,0,1,0.9888711546091888,2,0.6338075259064249,1382
11,0,1,0.9973254684849656,2,0.6385281424601951,1383
17,2,0,0.9965119309656763,2,0.931473645427383,1384
17,0,1,0.9794409395995071,2,0.7208809016037445,1385
17,3,2,0.9637687852619654,2,0.7702374904756122,1386
17,1,2,0.9886523011917938,2,0.7749129208107189,1387
17,1,2,0.9936681749423064,2,0.6603069834507111,1388
17,1,2,0.9985402398531622,3,0.8907777787404689,1389
17,1,1,0.9787058526131363,2,0.7667560196130625,1390
17,1,2,0.996201124695685,2,0.8300246146412773,1391
17,1,2,0.991356745312088,2,0.7357193531393146,1392
17,0,1,0.9960410429496377,2,0.8147576930351481,1393
17,0,1,0.9920608909275168,2,0.75230295481303,1394
17,1,2,0.9945280403198123,2,0.7374537063009307,1395
17,1,2,0.9979179572680289,2,0.8661226937160432,1396
17,0,1,0.97268032518422,2,0.6878061006670588,1397
17,1,2,0.9956103644886957,1,0.8350662314257346,1398
17,2,2,0.9870682568779898,2,0.8420277817119773,1399
17,1,2,0.9983548800930848,3,0.8995589271138134,1400
17,3,3,0.9949978067038268,1,0.5208716251966593,1401
17,0,1,0.9919990174225484,2,0.6055007552162912,1402
17,1,2,0.9988194511685133,3,0.9867136779488836,1403
17,1,2,0.9929683372076386,2,0.8172174412093938,1404
17,2,0,0.995778025255786,2,0.8654424517100672,1405
17,3,2,0.981250007957799,2,0.8017942624654462,1406
17,0,1,0.9887781390936061,2,0.7081029916254018,1407
17,0,1,0.9682632186750123,2,0.5231363976638227,1408
17,1,2,0.9981853321704701,2,0.8991088486877895,1409
17,3,3,0.9858666477593505,2,-0.10130580590904575,1410
17,0,1,0.9860026322112257,0,0.6194510893669674,1411
17,2,2,0.9888073495709533,2,0.8120804013641459,1412
17,1,2,0.9819068950788536,2,0.7436946085621409,1413
17,2,0,0.9781087417679517,2,0.7689378869588777,1414
17,0,1,0.98278589396343,2,0.7681804548781435,1415
17,3,3,0.974027593094621,2,0.6818190226413829,1416
17,0,1,0.9850741842680075,0,0.6289986789510681,1417
17,3,3,0.9831547307392046,2,0.6338035257985644,1418
17,3,2,0.9880758976800565,1,0.7869220454890197,1419
17,1,1,0.9669068820484226,2,0.6781729487258357,1420
17,2,2,0.9990651508193735,3,0.9142924107839527,1421
17,2,0,0.9931406862442596,2,0.8389855404518836,1422
17,2,0,0.9847674331831768,2,0.6641330836589089,1423
17,0,1,0.987931967355564,0,0.7920003163262626,1424
17,1,2,0.9950088934982627,0,0.6865346129999038,1425
17,0,1,0.9936408384139874,0,0.7198902499065862,1426
17,0,1,0.9723250548965381,2,0.7140734057719436,1427
17,1,2,0.9942825690536118,2,0.7735758137365402,1428
17,2,2,0.9960637366490127,2,0.8872895609952502,1429
17,1,1,0.9778112113489348,2,0.6250966083178457,1430
17,3,3,0.9989275832759716,1,0.9363369839785243,1431
17,1,2,0.9903904457654531,2,0.7822300885559234,1432
17,3,2,0.9639922208453973,2,0.7958989032788142,1433
17,1,2,0.9920490997433968,1,0.6282857766058159,1434
17,1,2,0.998453095209729,3,0.9053193948231253,1435
17,0,1,0.9813452207568767,1,0.6616404364204891,1436
17,0,1,0.9947479743592034,0,0.5907892281818201,1437
17,0,1,0.9905053718365431,1,0.6586918569179881,1438
17,1,2,0.9919637039799476,1,0.7350147463056982,1439
17,0,1,0.9934461661177765,2,0.5971615349196365,1440
17,0,1,0.9961925692466134,0,0.6669453999798672,1441
17,0,1,0.9929271442561127,2,0.6955111657444257,1442
17,3,3,0.9979036659685552,1,0.5359610272187916,1443
17,1,2,0.9979133820913244,2,0.7609786368051347,1444
17,0,1,0.9790810841992973,0,0.6109738653160617,1445
17,1,1,0.9697913522546904,2,0.8427361270509133,1446
17,1,2,0.9933172325944555,1,0.8350135185884716,1447
17,0,1,0.998289950179663,3,0.8423962805698231,1448
17,0,1,0.9696559332726815,2,0.6568361561327508,1449
17,0,1,0.9855024300379898,2,0.669490225243611,1450
17,2,1,0.9775196430806115,2,0.7655300517063994,1451
17,0,1,0.9901368613438559,0,0.6759574760242154,1452
17,1,1,0.9632729956246462,0,0.6492455139110935,1453
17,0,2,0.9985826489367886,3,0.9821783857595761,1454
17,3,2,0.9734843757508352,2,0.6377435975345768,1455
17,1,2,0.9817152164348966,2,0.7990019841500052,1456
17,3,3,0.9854297152477192,2,0.6076639132047866,1457
17,1,2,0.9900465339367427,0,0.8163202354410648,1458
17,1,2,0.9869981590036666,2,0.8406347049989092,1459
17,1,2,0.9817837108256365,2,0.785116656531911,1460
17,2,1,0.9899374705011021,2,0.7770839539045479,1461
17,1,2,0.986766641321923,2,0.7221822976666001,1462
17,3,2,0.9837427130249166,0,0.8318780689216829,1463
17,0,1,0.9832811275548501,2,0.6306539259676169,1464
17,0,1,0.9898717702170198,2,0.7170604327729617,1465
17,2,1,0.9775392001952329,2,0.6864875137196877,1466
17,3,3,0.9707686401376996,2,0.6242626938279596,1467
17,0,1,0.9830207890005136,2,0.668325713489645,1468
17,0,1,0.9771016135387341,2,0.8408066152686212,1469
17,0,1,0.9891983536625003,2,0.722692936798641,1470
17,3,2,0.9937157528610024,1,0.78674772312964,1471
17,0,1,0.9900069575613875,2,0.4768370006471241,1472
17,0,1,0.9869381033952986,2,0.45424607908529435,1473
17,0,1,0.9829107259376302,2,0.6622838514722691,1474
17,0,1,0.9991930275945083,3,0.8284344488176114,1475
17,2,0,0.9947637169098245,0,0.8191795474509657,1476
17,1,2,0.9882115744237434,0,0.629333302982187,1477
17,0,1,0.9888409671106969,0,0.8155624243494329,1478
17,1,2,0.9826781634793376,2,0.7365847391547817,1479
17,0,1,0.9913654948121278,2,0.6470496581733964,1480
17,0,1,0.9939488983754672,0,0.5789313248773007,1481
17,2,0,0.9770508173555796,2,0.8261950716656136,1482
17,2,0,0.9954938924586484,0,0.7525401035100281,1483
17,2,1,0.9783019057969922,2,0.7064918425955586,1484
17,0,1,0.991175253975975,0,0.7453363411921348,1485
17,0,1,0.9954652964139823,2,0.7933567992324397,1486
17,3,3,0.9970898534667325,1,0.8729000033536335,1487
10,2,1,0.986537522383701,2,0.8739550973834654,1488
10,0,1,0.8532492168498002,1,0.6145466602621501,1489
10,1,2,0.924127602274377,2,0.7781309128874871,1490
10,3,3,0.9816455056318475,2,0.7926656775195644,1491
10,0,1,0.9610190288045041,2,0.29294367093945406,1492
10,0,1,0.9969692657205459,3,0.8839809208786935,1493
10,0,1,0.9339530346107097,2,0.5495709107685651,1494
10,0,1,0.954795955697707,0,0.6355387293781418,1495
10,1,2,0.9569934245499725,2,0.7861952276059039,1496
10,0,1,0.9483346452764827,2,0.6625364963039532,1497
10,1,2,0.9892980813837147,1,0.7887433086537091,1498
10,0,1,0.9495484409403872,2,0.6317309540882274,1499
